﻿<?xml version="1.0" encoding="UTF-8"?>

<OPCServerConfig>
  
  <!--Common Parameters-->
  -<CommonParams>    
      <Param descr="RapidScada Server Name ore IP-address" name="serverHost" value="localhost" />
      <Param descr="RapidScada Server Port" name="serverPort" value="10000" />
      <Param descr="RapidScada Server User" name="serverUser" value="ScadaServerCtrl" />
      <Param descr="RapidScada Server Password" name="serverPwd" value="12345" />
      <Param descr="RapidScada Server Timeout" name="serverTimeout" value="10000" />
      <Param descr="RapidScada Current data reading period, msec" name="updateRate" value="1000" />      
      <Param descr="OPC Server LogLevel: 0-Trace, 1-Debuf, 2-Info, 3-Warning, 4-Error, 5-Alarm, 6-Fatal, 7-Disable" name="logLevel" value="2"/>
  </CommonParams>

</OPCServerConfig>